-- phpMyAdmin SQL Dump
-- version 4.7.4
-- https://www.phpmyadmin.net/
--
-- Host: 127.0.0.1
-- Generation Time: Oct 21, 2019 at 03:22 AM
-- Server version: 10.1.29-MariaDB
-- PHP Version: 7.1.12

SET SQL_MODE = "NO_AUTO_VALUE_ON_ZERO";
SET AUTOCOMMIT = 0;
START TRANSACTION;
SET time_zone = "+00:00";


/*!40101 SET @OLD_CHARACTER_SET_CLIENT=@@CHARACTER_SET_CLIENT */;
/*!40101 SET @OLD_CHARACTER_SET_RESULTS=@@CHARACTER_SET_RESULTS */;
/*!40101 SET @OLD_COLLATION_CONNECTION=@@COLLATION_CONNECTION */;
/*!40101 SET NAMES utf8mb4 */;

--
-- Database: `cd`
--

-- --------------------------------------------------------

--
-- Table structure for table `akun`
--

CREATE TABLE `akun` (
  `id_akun` int(11) NOT NULL,
  `username` varchar(20) NOT NULL,
  `email` varchar(20) NOT NULL,
  `password` varchar(10) NOT NULL
) ENGINE=InnoDB DEFAULT CHARSET=latin1;

--
-- Dumping data for table `akun`
--

INSERT INTO `akun` (`id_akun`, `username`, `email`, `password`) VALUES
(1, 'admin', 'admin@gmail.com', 'admin'),
(2, 'eko', 'eko@gmail.com', '123'),
(3, 'qwe', 'qwe@qwe.com', 'qwe'),
(4, 'www', 'www@www.com', 'www'),
(5, 'qqq', 'qqq@qqq.com', 'qqq'),
(6, 'eee', 'eee@eee.com', 'eee'),
(7, 'rrr', 'rrr@rrr.com', 'rrr'),
(8, 'fff', 'fff@fff.com', 'fff'),
(9, 'ddd', 'ddd@ddd.com', 'ddd'),
(10, 'ttt', 'ttt@ttt.com', 'ttt'),
(11, 'ccc', 'ccc@ccc.com', 'ccc'),
(12, 'xxx', 'xxx@xxx.com', 'xxx'),
(13, 'ggg', 'ggg@ggg.com', 'ggg'),
(14, 'yyy', 'yyy@yyy', 'yyy'),
(15, 'qwqw', 'qwqw@qwqw', 'qwqw'),
(16, 'qqw', 'qqw@qqw', 'qqw'),
(17, 'wwe', 'wwe@wwe', 'wwe'),
(18, 'asas', 'asas@asas', 'asas'),
(19, 'yyu', 'yyu@yyu', 'yyu'),
(20, 'zzc', 'zzc@zzc', 'zzc'),
(21, 'uy', 'uy@uy', 'uy'),
(22, 'eew', 'eew@eew', 'eew'),
(23, 'erer', 'erer@erer', 'erer'),
(24, 'wer', 'wer@wer', 'wer'),
(25, 'rtr', 'rtr@rtr', 'rtr'),
(26, 'ooo', 'ooo@ooo', 'ooo'),
(27, 'lklk', 'lklk@lklk', 'lklk'),
(28, 'okok', 'okok@okok', 'okok'),
(29, 'fvf', 'fvf@fvf', 'fvf'),
(30, 'dfdf', 'dfdf@dfdf', 'dfdf'),
(31, 'olol', 'olol@olol', 'olol'),
(32, 'uuh', 'uuh@uuh', 'uuh'),
(33, 'mnmn', 'mnmn@mnmn', 'mnmn'),
(34, 'v', 'v@v', 'v'),
(35, 'b', 'b@b', 'b'),
(36, 'c', 'c@c', 'c'),
(37, 'd', 'd@d', 'd'),
(38, 'e', 'e@e', 'e'),
(39, 'u', 'u@u', 'u'),
(40, 'lp', 'pl@pl', 'pl'),
(41, 'dc', 'dc@dc', 'dc'),
(42, 'rt', 'rt@rt', 'rt');

-- --------------------------------------------------------

--
-- Table structure for table `cek_bobot`
--

CREATE TABLE `cek_bobot` (
  `id_cek_bobot` int(11) NOT NULL,
  `id_akun` int(11) NOT NULL,
  `id_penyakit` int(11) NOT NULL,
  `bobot_penyakit` int(11) NOT NULL,
  `waktu` datetime NOT NULL,
  `status` int(11) NOT NULL
) ENGINE=InnoDB DEFAULT CHARSET=latin1;

--
-- Dumping data for table `cek_bobot`
--

INSERT INTO `cek_bobot` (`id_cek_bobot`, `id_akun`, `id_penyakit`, `bobot_penyakit`, `waktu`, `status`) VALUES
(1, 6, 3, 50, '2019-10-18 06:15:36', 2),
(2, 6, 3, 50, '2019-10-18 06:16:06', 2),
(3, 6, 3, 50, '2019-10-18 06:16:53', 2),
(4, 6, 3, 50, '2019-10-18 06:17:32', 2),
(5, 6, 3, 50, '2019-10-18 06:17:46', 2),
(6, 6, 3, 50, '2019-10-18 06:25:17', 2),
(7, 6, 3, 50, '2019-10-18 06:29:12', 2),
(8, 6, 3, 50, '2019-10-18 06:31:47', 2),
(9, 6, 3, 50, '2019-10-18 06:34:12', 2),
(10, 6, 1, 20, '2019-10-18 06:36:16', 2),
(11, 6, 1, 30, '2019-10-18 06:36:16', 2),
(12, 6, 2, 40, '2019-10-18 06:36:16', 2),
(13, 6, 1, 20, '2019-10-18 06:45:38', 2),
(14, 6, 1, 20, '2019-10-18 06:45:38', 2),
(15, 6, 1, 30, '2019-10-18 06:45:38', 2),
(16, 6, 2, 40, '2019-10-18 06:45:38', 2),
(17, 6, 2, 40, '2019-10-18 06:45:38', 2),
(18, 6, 3, 50, '2019-10-18 06:45:38', 2),
(19, 6, 1, 20, '2019-10-18 06:45:59', 2),
(20, 6, 2, 40, '2019-10-18 06:45:59', 2),
(21, 6, 4, 20, '2019-10-18 06:45:59', 2),
(22, 6, 1, 20, '2019-10-18 08:57:52', 2),
(23, 6, 2, 40, '2019-10-18 08:57:52', 2),
(24, 6, 1, 20, '2019-10-18 09:01:40', 2),
(25, 6, 2, 40, '2019-10-18 09:01:40', 2),
(26, 6, 1, 30, '2019-10-18 09:01:40', 2),
(27, 6, 1, 20, '2019-10-18 09:02:29', 2),
(28, 6, 2, 40, '2019-10-18 09:02:29', 2),
(29, 6, 1, 30, '2019-10-18 09:02:29', 2),
(30, 6, 1, 20, '2019-10-18 09:05:22', 2),
(31, 6, 1, 30, '2019-10-18 09:05:22', 2),
(32, 6, 2, 40, '2019-10-18 09:05:22', 2),
(33, 6, 1, 20, '2019-10-18 09:20:55', 2),
(34, 6, 2, 40, '2019-10-18 09:20:55', 2),
(35, 6, 1, 20, '2019-10-18 09:23:43', 2),
(36, 6, 2, 40, '2019-10-18 09:23:43', 2),
(37, 6, 1, 20, '2019-10-18 09:41:04', 2),
(38, 6, 2, 40, '2019-10-18 09:41:04', 2),
(39, 11, 1, 20, '2019-10-18 11:50:12', 2),
(40, 11, 1, 30, '2019-10-18 11:50:12', 2),
(41, 11, 2, 40, '2019-10-18 11:50:12', 2),
(42, 11, 1, 20, '2019-10-18 11:51:04', 2),
(43, 11, 1, 20, '2019-10-18 11:51:04', 2),
(44, 11, 1, 30, '2019-10-18 11:51:04', 2),
(45, 11, 1, 30, '2019-10-18 11:51:04', 2),
(46, 11, 2, 40, '2019-10-18 11:51:04', 2),
(47, 11, 2, 40, '2019-10-18 11:51:04', 2),
(48, 11, 2, 30, '2019-10-18 11:51:04', 2),
(49, 11, 3, 50, '2019-10-18 11:51:04', 2),
(50, 11, 4, 20, '2019-10-18 11:51:04', 2),
(51, 11, 4, 40, '2019-10-18 11:51:04', 2),
(52, 11, 1, 20, '2019-10-18 11:51:31', 2),
(53, 11, 2, 40, '2019-10-18 11:51:31', 2),
(54, 11, 2, 30, '2019-10-18 11:51:31', 2),
(55, 11, 1, 30, '2019-10-18 11:51:31', 2),
(56, 11, 3, 50, '2019-10-18 11:51:31', 2),
(57, 11, 4, 20, '2019-10-18 11:51:31', 2);

-- --------------------------------------------------------

--
-- Table structure for table `cek_penyakit`
--

CREATE TABLE `cek_penyakit` (
  `id_cek_penyakit` int(11) NOT NULL,
  `id_akun` int(11) NOT NULL,
  `nama_penyakit` varchar(50) NOT NULL,
  `bobot_penyakit` int(11) NOT NULL
) ENGINE=InnoDB DEFAULT CHARSET=latin1;

--
-- Dumping data for table `cek_penyakit`
--

INSERT INTO `cek_penyakit` (`id_cek_penyakit`, `id_akun`, `nama_penyakit`, `bobot_penyakit`) VALUES
(1, 16, 'Ulat tanah', 20),
(2, 16, 'Belalang', 30),
(3, 16, 'Ulat tanah', 30),
(4, 16, 'Ulat tanah', 20),
(5, 16, 'Belalang', 30),
(6, 16, 'Ulat tanah', 30),
(7, 16, 'Ulat tanah', 20),
(8, 16, 'Belalang', 30),
(9, 16, 'Ulat tanah', 30),
(10, 16, 'Ulat tanah', 20),
(11, 16, 'Belalang', 30),
(12, 16, 'Ulat tanah', 30),
(13, 17, 'Ulat tanah', 20),
(14, 17, 'Ulat tanah', 30),
(15, 18, 'Ulat tanah', 20),
(16, 18, 'Ulat tanah', 30),
(17, 19, 'Ulat tanah', 20),
(18, 19, 'Belalang', 30),
(19, 20, 'Uret', 50),
(20, 20, 'Hawar pelepah', 20),
(21, 20, 'Hawar pelepah', 40),
(22, 21, 'Uret', 50),
(23, 21, 'Uret', 50),
(24, 21, 'Ulat tanah', 20),
(25, 21, 'Belalang', 30),
(26, 22, 'Ulat tanah', 20),
(27, 22, 'Belalang', 30),
(28, 23, 'Ulat tanah', 20),
(29, 23, 'Ulat tanah', 30),
(30, 24, 'Ulat tanah', 20),
(31, 24, 'Ulat tanah', 30),
(32, 24, 'Uret', 50),
(33, 24, 'Hawar pelepah', 20),
(34, 24, 'Hawar pelepah', 40),
(35, 25, 'Uret', 50),
(36, 25, 'Hawar pelepah', 20),
(37, 25, 'Hawar pelepah', 40),
(38, 25, 'Ulat tanah', 20),
(39, 25, 'Belalang', 30),
(40, 25, 'Ulat tanah', 30),
(41, 26, 'Uret', 50),
(42, 26, 'Hawar pelepah', 20),
(43, 26, 'Hawar pelepah', 40),
(44, 26, 'Ulat tanah', 20),
(45, 26, 'Ulat tanah', 30),
(46, 27, 'Ulat tanah', 20),
(47, 27, 'Belalang', 30),
(48, 27, 'Ulat tanah', 30),
(49, 27, 'Uret', 50),
(50, 27, 'Hawar pelepah', 20),
(51, 27, 'Hawar pelepah', 40),
(52, 27, 'Ulat tanah', 20),
(53, 27, 'Belalang', 30),
(54, 27, 'Ulat tanah', 20),
(55, 27, 'Ulat tanah', 30),
(56, 28, 'Ulat tanah', 20),
(57, 28, 'Belalang', 30),
(58, 28, 'Ulat tanah', 20),
(59, 28, 'Belalang', 30),
(60, 28, 'Ulat tanah', 20),
(61, 28, 'Belalang', 30),
(62, 28, 'Ulat tanah', 30),
(63, 28, 'Uret', 50),
(64, 28, 'Hawar pelepah', 20),
(65, 28, 'Hawar pelepah', 40),
(66, 28, 'Hawar pelepah', 20),
(67, 28, 'Hawar pelepah', 40),
(68, 28, 'Uret', 50),
(69, 29, 'Uret', 50),
(70, 29, 'Hawar pelepah', 20),
(71, 29, 'Hawar pelepah', 40),
(72, 29, 'Ulat tanah', 20),
(73, 29, 'Ulat tanah', 30),
(74, 29, 'Ulat tanah', 20),
(75, 29, 'Ulat tanah', 30),
(76, 29, 'Ulat tanah', 20),
(77, 29, 'Belalang', 30),
(78, 29, 'Ulat tanah', 20),
(79, 29, 'Belalang', 30),
(80, 29, 'Ulat tanah', 20),
(81, 29, 'Belalang', 30),
(82, 29, 'Uret', 50),
(83, 29, 'Hawar pelepah', 20),
(84, 29, 'Ulat tanah', 20),
(85, 29, 'Belalang', 30),
(86, 29, 'Ulat tanah', 20),
(87, 29, 'Belalang', 30),
(88, 29, 'Hawar pelepah', 20),
(89, 29, 'Hawar pelepah', 40),
(90, 30, 'Hawar pelepah', 20),
(91, 30, 'Hawar pelepah', 40),
(92, 30, 'Uret', 50),
(93, 30, 'Ulat tanah', 20),
(94, 30, 'Belalang', 30),
(95, 30, 'Uret', 50),
(96, 30, 'Ulat tanah', 20),
(97, 30, 'Ulat tanah', 30),
(98, 30, 'Hawar pelepah', 20),
(99, 30, 'Hawar pelepah', 40),
(100, 30, 'Ulat tanah', 20),
(101, 30, 'Belalang', 30),
(102, 30, 'Uret', 50),
(103, 30, 'Hawar pelepah', 20),
(104, 30, 'Hawar pelepah', 40),
(105, 30, 'Uret', 50),
(106, 30, 'Uret', 50),
(107, 30, 'Hawar pelepah', 20),
(108, 30, 'Hawar pelepah', 40),
(109, 30, 'Hawar pelepah', 20),
(110, 30, 'Hawar pelepah', 40),
(111, 30, 'Uret', 50),
(112, 30, 'Hawar pelepah', 20),
(113, 30, 'Hawar pelepah', 40),
(114, 30, 'Uret', 50),
(115, 30, 'Uret', 50),
(116, 30, 'Ulat tanah', 20),
(117, 30, 'Belalang', 30),
(118, 30, 'Ulat tanah', 30),
(119, 30, 'Hawar pelepah', 20),
(120, 30, 'Hawar pelepah', 40),
(121, 30, 'Uret', 50),
(122, 30, 'Ulat tanah', 20),
(123, 30, 'Belalang', 30),
(124, 30, 'Ulat tanah', 30),
(125, 30, 'Ulat tanah', 20),
(126, 30, 'Ulat tanah', 30),
(127, 31, 'Ulat tanah', 20),
(128, 31, 'Belalang', 30),
(129, 31, 'Ulat tanah', 30),
(130, 31, 'Ulat tanah', 20),
(131, 31, 'Belalang', 30),
(132, 32, 'Ulat tanah', 20),
(133, 32, 'Belalang', 30),
(134, 32, 'Ulat tanah', 20),
(135, 32, 'Belalang', 30),
(136, 32, 'Ulat tanah', 30),
(137, 32, 'Uret', 50),
(138, 33, 'Ulat tanah', 20),
(139, 33, 'Belalang', 30),
(140, 33, 'Ulat tanah', 30),
(141, 33, 'Ulat tanah', 20),
(142, 33, 'Ulat tanah', 30),
(143, 33, 'Ulat tanah', 20),
(144, 33, 'Belalang', 30),
(145, 33, 'Ulat tanah', 30),
(146, 33, 'Ulat tanah', 20),
(147, 33, 'Belalang', 30),
(148, 33, 'Ulat tanah', 20),
(149, 33, 'Ulat tanah', 30),
(150, 33, 'Ulat tanah', 20),
(151, 33, 'Ulat tanah', 30),
(152, 33, 'Ulat tanah', 20),
(153, 33, 'Belalang', 30),
(154, 33, 'Ulat tanah', 20),
(155, 33, 'Belalang', 30),
(156, 33, 'Ulat tanah', 30),
(157, 33, 'Ulat tanah', 20),
(158, 33, 'Ulat tanah', 30),
(159, 33, 'Ulat tanah', 20),
(160, 33, 'Belalang', 30),
(161, 33, 'Ulat tanah', 30),
(162, 33, 'Ulat tanah', 20),
(163, 33, 'Ulat tanah', 30),
(164, 33, 'Ulat tanah', 20),
(165, 33, 'Belalang', 30),
(166, 33, 'Ulat tanah', 20),
(167, 33, 'Belalang', 30),
(168, 33, 'Ulat tanah', 20),
(169, 33, 'Ulat tanah', 30),
(170, 33, 'Ulat tanah', 20),
(171, 33, 'Ulat tanah', 30),
(172, 33, 'Ulat tanah', 20),
(173, 33, 'Belalang', 30),
(174, 33, 'Ulat tanah', 20),
(175, 33, 'Belalang', 30),
(176, 33, 'Ulat tanah', 20),
(177, 33, 'Belalang', 30),
(178, 33, 'Ulat tanah', 20),
(179, 33, 'Belalang', 30),
(180, 33, 'Ulat tanah', 30),
(181, 33, 'Ulat tanah', 20),
(182, 33, 'Ulat tanah', 30),
(183, 33, 'Ulat tanah', 20),
(184, 33, 'Belalang', 30),
(185, 33, 'Ulat tanah', 30),
(186, 33, 'Ulat tanah', 20),
(187, 33, 'Ulat tanah', 30),
(188, 33, 'Ulat tanah', 20),
(189, 33, 'Belalang', 30),
(190, 33, 'Ulat tanah', 20),
(191, 33, 'Belalang', 30),
(192, 33, 'Ulat tanah', 20),
(193, 33, 'Ulat tanah', 30),
(194, 33, 'Ulat tanah', 20),
(195, 33, 'Ulat tanah', 30),
(196, 33, 'Ulat tanah', 20),
(197, 33, 'Belalang', 30),
(198, 33, 'Ulat tanah', 20),
(199, 33, 'Belalang', 30),
(200, 33, 'Ulat tanah', 20),
(201, 33, 'Belalang', 30),
(202, 33, 'Ulat tanah', 20),
(203, 33, 'Belalang', 30),
(204, 33, 'Ulat tanah', 20),
(205, 33, 'Belalang', 30),
(206, 33, 'Ulat tanah', 30),
(207, 33, 'Ulat tanah', 20),
(208, 33, 'Ulat tanah', 30),
(209, 33, 'Ulat tanah', 20),
(210, 33, 'Belalang', 30),
(211, 33, 'Ulat tanah', 30),
(212, 33, 'Ulat tanah', 20),
(213, 33, 'Ulat tanah', 30),
(214, 33, 'Ulat tanah', 20),
(215, 33, 'Belalang', 30),
(216, 33, 'Ulat tanah', 20),
(217, 33, 'Belalang', 30),
(218, 33, 'Ulat tanah', 20),
(219, 33, 'Ulat tanah', 30),
(220, 33, 'Ulat tanah', 20),
(221, 33, 'Ulat tanah', 30),
(222, 33, 'Ulat tanah', 20),
(223, 33, 'Belalang', 30),
(224, 33, 'Ulat tanah', 20),
(225, 33, 'Belalang', 30),
(226, 33, 'Ulat tanah', 20),
(227, 33, 'Belalang', 30),
(228, 33, 'Ulat tanah', 20),
(229, 33, 'Belalang', 30),
(230, 33, 'Ulat tanah', 20),
(231, 33, 'Belalang', 30),
(232, 33, 'Ulat tanah', 20),
(233, 33, 'Belalang', 30),
(234, 33, 'Ulat tanah', 30),
(235, 33, 'Ulat tanah', 20),
(236, 33, 'Ulat tanah', 30),
(237, 33, 'Ulat tanah', 20),
(238, 33, 'Belalang', 30),
(239, 33, 'Ulat tanah', 30),
(240, 33, 'Ulat tanah', 20),
(241, 33, 'Ulat tanah', 30),
(242, 33, 'Ulat tanah', 20),
(243, 33, 'Belalang', 30),
(244, 33, 'Ulat tanah', 20),
(245, 33, 'Belalang', 30),
(246, 33, 'Ulat tanah', 20),
(247, 33, 'Ulat tanah', 30),
(248, 33, 'Ulat tanah', 20),
(249, 33, 'Ulat tanah', 30),
(250, 33, 'Ulat tanah', 20),
(251, 33, 'Belalang', 30),
(252, 33, 'Ulat tanah', 20),
(253, 33, 'Belalang', 30),
(254, 33, 'Ulat tanah', 20),
(255, 33, 'Belalang', 30),
(256, 33, 'Ulat tanah', 20),
(257, 33, 'Belalang', 30),
(258, 33, 'Ulat tanah', 20),
(259, 33, 'Belalang', 30),
(260, 33, 'Ulat tanah', 20),
(261, 33, 'Belalang', 30),
(262, 33, 'Ulat tanah', 20),
(263, 33, 'Belalang', 30),
(264, 33, 'Ulat tanah', 30),
(265, 33, 'Ulat tanah', 20),
(266, 33, 'Ulat tanah', 30),
(267, 33, 'Ulat tanah', 20),
(268, 33, 'Belalang', 30),
(269, 33, 'Ulat tanah', 30),
(270, 33, 'Ulat tanah', 20),
(271, 33, 'Ulat tanah', 30),
(272, 33, 'Ulat tanah', 20),
(273, 33, 'Belalang', 30),
(274, 33, 'Ulat tanah', 20),
(275, 33, 'Belalang', 30),
(276, 33, 'Ulat tanah', 20),
(277, 33, 'Ulat tanah', 30),
(278, 33, 'Ulat tanah', 20),
(279, 33, 'Ulat tanah', 30),
(280, 33, 'Ulat tanah', 20),
(281, 33, 'Belalang', 30),
(282, 33, 'Ulat tanah', 20),
(283, 33, 'Belalang', 30),
(284, 33, 'Ulat tanah', 20),
(285, 33, 'Belalang', 30),
(286, 33, 'Ulat tanah', 20),
(287, 33, 'Belalang', 30),
(288, 33, 'Ulat tanah', 20),
(289, 33, 'Belalang', 30),
(290, 33, 'Ulat tanah', 20),
(291, 33, 'Belalang', 30),
(292, 33, 'Hawar pelepah', 20),
(293, 33, 'Hawar pelepah', 40),
(294, 33, 'Ulat tanah', 20),
(295, 33, 'Belalang', 30),
(296, 33, 'Ulat tanah', 30),
(297, 33, 'Ulat tanah', 20),
(298, 33, 'Ulat tanah', 30),
(299, 33, 'Ulat tanah', 20),
(300, 33, 'Belalang', 30),
(301, 33, 'Ulat tanah', 30),
(302, 33, 'Ulat tanah', 20),
(303, 33, 'Ulat tanah', 30),
(304, 33, 'Ulat tanah', 20),
(305, 33, 'Belalang', 30),
(306, 33, 'Ulat tanah', 20),
(307, 33, 'Belalang', 30),
(308, 33, 'Ulat tanah', 20),
(309, 33, 'Ulat tanah', 30),
(310, 33, 'Ulat tanah', 20),
(311, 33, 'Ulat tanah', 30),
(312, 33, 'Ulat tanah', 20),
(313, 33, 'Belalang', 30),
(314, 33, 'Ulat tanah', 20),
(315, 33, 'Belalang', 30),
(316, 33, 'Ulat tanah', 20),
(317, 33, 'Belalang', 30),
(318, 33, 'Ulat tanah', 20),
(319, 33, 'Belalang', 30),
(320, 33, 'Ulat tanah', 20),
(321, 33, 'Belalang', 30),
(322, 33, 'Ulat tanah', 20),
(323, 33, 'Belalang', 30),
(324, 33, 'Hawar pelepah', 20),
(325, 33, 'Hawar pelepah', 40),
(326, 33, 'Uret', 50),
(327, 34, 'Ulat tanah', 20),
(328, 34, 'Belalang', 30),
(329, 34, 'Ulat tanah', 30),
(330, 34, 'Ulat tanah', 20),
(331, 34, 'Belalang', 30),
(332, 34, 'Ulat tanah', 30),
(333, 34, 'Uret', 50),
(334, 34, 'Hawar pelepah', 20),
(335, 34, 'Hawar pelepah', 40),
(336, 35, 'Ulat tanah', 20),
(337, 35, 'Belalang', 30),
(338, 35, 'Ulat tanah', 30),
(339, 36, 'Ulat tanah', 20),
(340, 36, 'Belalang', 30),
(341, 36, 'Ulat tanah', 30),
(342, 36, 'Ulat tanah', 20),
(343, 36, 'Belalang', 30),
(344, 36, 'Ulat tanah', 30),
(345, 36, 'Ulat tanah', 20),
(346, 36, 'Belalang', 30),
(347, 37, 'Ulat tanah', 20),
(348, 37, 'Belalang', 30),
(349, 37, 'Ulat tanah', 30),
(350, 37, '', 0),
(351, 37, 'Ulat tanah', 20),
(352, 37, 'Ulat tanah', 20),
(353, 37, 'Ulat tanah', 20),
(354, 37, 'Belalang', 30),
(355, 37, 'Ulat tanah', 30),
(356, 37, 'Uret', 50),
(357, 37, 'Ulat tanah', 20),
(358, 37, 'Belalang', 30),
(359, 37, 'Ulat tanah', 30),
(360, 37, 'Uret', 50);

-- --------------------------------------------------------

--
-- Table structure for table `detail_penyakit`
--

CREATE TABLE `detail_penyakit` (
  `id_detail_penyakit` int(11) NOT NULL,
  `id_penyakit` int(11) NOT NULL,
  `id_gejala` int(11) NOT NULL,
  `bobot_gejala` int(11) NOT NULL
) ENGINE=InnoDB DEFAULT CHARSET=latin1;

--
-- Dumping data for table `detail_penyakit`
--

INSERT INTO `detail_penyakit` (`id_detail_penyakit`, `id_penyakit`, `id_gejala`, `bobot_gejala`) VALUES
(1, 1, 1, 20),
(2, 1, 3, 30),
(3, 2, 1, 40),
(4, 2, 2, 30),
(5, 3, 4, 50),
(6, 4, 5, 20),
(7, 4, 6, 40);

-- --------------------------------------------------------

--
-- Table structure for table `gejala`
--

CREATE TABLE `gejala` (
  `id_gejala` int(11) NOT NULL,
  `nama_gejala` varchar(100) NOT NULL
) ENGINE=InnoDB DEFAULT CHARSET=latin1;

--
-- Dumping data for table `gejala`
--

INSERT INTO `gejala` (`id_gejala`, `nama_gejala`) VALUES
(1, 'Daun tanaman jagung dimakan'),
(2, 'Batang muda dimakan'),
(3, 'Baby corn dimakan'),
(4, 'Akar tanaman jagung rusak'),
(5, 'Rebah kecambah'),
(6, 'Terdapat bercak-bercak kemerahan pada pelepah'),
(7, 'Terdapat kotoran ditongkol'),
(8, 'Klobot berlubang'),
(9, 'Rambut jagung dimakan'),
(10, 'Permukaan daun berwarna putih sampai kekuningan'),
(11, 'Bentuk tongkol tidak normal'),
(12, 'Terdapat serbuk putih dibawah permukaan daun'),
(13, 'Bercak kecil'),
(14, 'Bercak berbentuk lonjong'),
(15, 'Bercak terdapat dibagian bawah daun'),
(16, 'Bercak berwarna hijau ke abu-abuan atau coklat'),
(17, 'Daun berwarna mosaic atau hijau dengan diselingi garis-garis kuning'),
(18, 'Tanaman tampak berwarna agak kekuningan'),
(19, 'Terdapat bercak'),
(20, 'Terdapat serbuk berwarna kuning kecoklatan'),
(21, 'Terdapat noda kecil berwarna merah karat'),
(22, 'Terdapat tepung berwarna merah karat'),
(23, 'Bercak daun berwarna hijau kekuningan atau coklta kemerahan'),
(24, 'Tanaman yang berumur 3-4 minggu layu atau mati'),
(25, 'Pangkal batang berwarna kecoklatan atau merah jambu'),
(26, 'Batang bagian dalam busuk'),
(27, 'Bercak coklat dan kelayuan pada akar'),
(28, 'Biji membengkak'),
(29, 'Biji tongkol berwarna merah jambu atau merah kecoklatan'),
(30, 'Kapas berwarna merah jambu'),
(31, 'Permukaan kelobot terdapat bintik-bintik bulat kecil berwarna hitam kebiruan'),
(32, 'Tanaman jagung mati'),
(33, 'Daun kekuning-kuningan ');

-- --------------------------------------------------------

--
-- Table structure for table `hasil`
--

CREATE TABLE `hasil` (
  `id_hasil` int(11) NOT NULL,
  `id_akun` int(11) NOT NULL,
  `nama_penyakit` varchar(50) NOT NULL,
  `bobot_gejala` int(11) NOT NULL
) ENGINE=InnoDB DEFAULT CHARSET=latin1;

--
-- Dumping data for table `hasil`
--

INSERT INTO `hasil` (`id_hasil`, `id_akun`, `nama_penyakit`, `bobot_gejala`) VALUES
(1, 16, 'Belalang', 30),
(2, 16, 'Ulat tanah', 50),
(3, 16, 'Belalang', 60),
(4, 16, 'Ulat tanah', 100),
(5, 16, 'Belalang', 90),
(6, 16, 'Ulat tanah', 150),
(7, 16, 'Belalang', 120),
(8, 16, 'Ulat tanah', 200),
(9, 17, 'Belalang', 120),
(10, 17, 'Ulat tanah', 250),
(11, 18, 'Ulat tanah', 50),
(12, 19, 'Belalang', 30),
(13, 19, 'Ulat tanah', 20),
(14, 20, 'Hawar pelepah', 60),
(15, 20, 'Uret', 50),
(16, 21, 'Uret', 50),
(17, 21, 'Belalang', 30),
(18, 21, 'Ulat tanah', 20),
(19, 21, 'Uret', 100),
(20, 22, 'Belalang', 30),
(21, 22, 'Ulat tanah', 20),
(22, 23, 'Ulat tanah', 50),
(23, 24, 'Ulat tanah', 50),
(24, 24, 'Ulat tanah', 50),
(25, 24, 'Ulat tanah', 50),
(26, 24, 'Uret', 50),
(27, 24, 'Hawar pelepah', 60),
(28, 24, 'Ulat tanah', 50),
(29, 24, 'Uret', 50),
(30, 24, 'Hawar pelepah', 60),
(31, 24, 'Ulat tanah', 50),
(32, 24, 'Uret', 50),
(33, 24, 'Hawar pelepah', 60),
(34, 24, 'Ulat tanah', 50),
(35, 24, 'Uret', 50),
(36, 25, 'Hawar pelepah', 60),
(37, 25, 'Uret', 50),
(38, 25, 'Belalang', 30),
(39, 25, 'Hawar pelepah', 60),
(40, 25, 'Ulat tanah', 50),
(41, 25, 'Uret', 50),
(42, 26, 'Hawar pelepah', 60),
(43, 26, 'Uret', 50),
(44, 26, 'Hawar pelepah', 60),
(45, 26, 'Ulat tanah', 50),
(46, 26, 'Uret', 50),
(47, 27, 'Belalang', 30),
(48, 27, 'Ulat tanah', 50),
(49, 27, 'Belalang', 30),
(50, 27, 'Hawar pelepah', 60),
(51, 27, 'Ulat tanah', 50),
(52, 27, 'Uret', 50),
(53, 27, 'Belalang', 60),
(54, 27, 'Hawar pelepah', 60),
(55, 27, 'Ulat tanah', 70),
(56, 27, 'Uret', 50),
(57, 27, 'Belalang', 60),
(58, 27, 'Hawar pelepah', 60),
(59, 27, 'Ulat tanah', 120),
(60, 27, 'Uret', 50),
(61, 28, 'Belalang', 30),
(62, 28, 'Ulat tanah', 20),
(63, 28, 'Belalang', 60),
(64, 28, 'Ulat tanah', 40),
(65, 28, 'Belalang', 90),
(66, 28, 'Ulat tanah', 90),
(67, 28, 'Belalang', 90),
(68, 28, 'Hawar pelepah', 60),
(69, 28, 'Ulat tanah', 90),
(70, 28, 'Uret', 50),
(71, 28, 'Belalang', 90),
(72, 28, 'Hawar pelepah', 120),
(73, 28, 'Ulat tanah', 90),
(74, 28, 'Uret', 50),
(75, 28, 'Belalang', 90),
(76, 28, 'Hawar pelepah', 120),
(77, 28, 'Ulat tanah', 90),
(78, 28, 'Uret', 100),
(79, 29, 'Uret', 50),
(80, 29, 'Uret', 50),
(81, 29, 'Uret', 50),
(82, 29, 'Hawar pelepah', 60),
(83, 29, 'Uret', 50),
(84, 29, 'Hawar pelepah', 60),
(85, 29, 'Ulat tanah', 50),
(86, 29, 'Uret', 50),
(87, 29, 'Hawar pelepah', 60),
(88, 29, 'Ulat tanah', 100),
(89, 29, 'Uret', 50),
(90, 29, 'Belalang', 30),
(91, 29, 'Hawar pelepah', 60),
(92, 29, 'Ulat tanah', 120),
(93, 29, 'Uret', 50),
(94, 29, 'Belalang', 60),
(95, 29, 'Hawar pelepah', 60),
(96, 29, 'Ulat tanah', 140),
(97, 29, 'Uret', 50),
(98, 29, 'Belalang', 60),
(99, 29, 'Hawar pelepah', 60),
(100, 29, 'Ulat tanah', 140),
(101, 29, 'Uret', 50),
(102, 29, 'Belalang', 90),
(103, 29, 'Hawar pelepah', 60),
(104, 29, 'Ulat tanah', 160),
(105, 29, 'Uret', 50),
(106, 29, 'Belalang', 90),
(107, 29, 'Hawar pelepah', 60),
(108, 29, 'Ulat tanah', 160),
(109, 29, 'Uret', 50),
(110, 29, 'Belalang', 90),
(111, 29, 'Hawar pelepah', 80),
(112, 29, 'Ulat tanah', 160),
(113, 29, 'Uret', 100),
(114, 29, 'Belalang', 120),
(115, 29, 'Hawar pelepah', 80),
(116, 29, 'Ulat tanah', 180),
(117, 29, 'Uret', 100),
(118, 29, 'Belalang', 120),
(119, 29, 'Hawar pelepah', 80),
(120, 29, 'Ulat tanah', 180),
(121, 29, 'Uret', 100),
(122, 29, 'Belalang', 150),
(123, 29, 'Hawar pelepah', 80),
(124, 29, 'Ulat tanah', 200),
(125, 29, 'Uret', 100),
(126, 29, 'Belalang', 150),
(127, 29, 'Hawar pelepah', 140),
(128, 29, 'Ulat tanah', 200),
(129, 29, 'Uret', 100),
(130, 29, 'Belalang', 150),
(131, 29, 'Hawar pelepah', 140),
(132, 29, 'Ulat tanah', 200),
(133, 29, 'Uret', 100),
(134, 30, 'Hawar pelepah', 60),
(135, 30, 'Hawar pelepah', 60),
(136, 30, 'Uret', 50),
(137, 30, 'Belalang', 30),
(138, 30, 'Hawar pelepah', 60),
(139, 30, 'Ulat tanah', 20),
(140, 30, 'Uret', 50),
(141, 30, 'Belalang', 30),
(142, 30, 'Hawar pelepah', 60),
(143, 30, 'Ulat tanah', 20),
(144, 30, 'Uret', 100),
(145, 30, 'Belalang', 30),
(146, 30, 'Hawar pelepah', 60),
(147, 30, 'Ulat tanah', 70),
(148, 30, 'Uret', 100),
(149, 30, 'Belalang', 30),
(150, 30, 'Hawar pelepah', 120),
(151, 30, 'Ulat tanah', 70),
(152, 30, 'Uret', 100),
(153, 30, 'Belalang', 60),
(154, 30, 'Hawar pelepah', 120),
(155, 30, 'Ulat tanah', 90),
(156, 30, 'Uret', 100),
(157, 30, 'Belalang', 60),
(158, 30, 'Hawar pelepah', 120),
(159, 30, 'Ulat tanah', 90),
(160, 30, 'Uret', 100),
(161, 30, 'Belalang', 60),
(162, 30, 'Hawar pelepah', 120),
(163, 30, 'Ulat tanah', 90),
(164, 30, 'Uret', 150),
(165, 30, 'Belalang', 60),
(166, 30, 'Hawar pelepah', 180),
(167, 30, 'Ulat tanah', 90),
(168, 30, 'Uret', 150),
(169, 30, 'Belalang', 60),
(170, 30, 'Hawar pelepah', 180),
(171, 30, 'Ulat tanah', 90),
(172, 30, 'Uret', 200),
(173, 30, 'Belalang', 60),
(174, 30, 'Hawar pelepah', 240),
(175, 30, 'Ulat tanah', 90),
(176, 30, 'Uret', 250),
(177, 30, 'Belalang', 60),
(178, 30, 'Hawar pelepah', 240),
(179, 30, 'Ulat tanah', 90),
(180, 30, 'Uret', 250),
(181, 30, 'Belalang', 60),
(182, 30, 'Hawar pelepah', 240),
(183, 30, 'Ulat tanah', 90),
(184, 30, 'Uret', 250),
(185, 30, 'Belalang', 60),
(186, 30, 'Hawar pelepah', 240),
(187, 30, 'Ulat tanah', 90),
(188, 30, 'Uret', 250),
(189, 30, 'Belalang', 60),
(190, 30, 'Hawar pelepah', 300),
(191, 30, 'Ulat tanah', 90),
(192, 30, 'Uret', 250),
(193, 30, 'Belalang', 60),
(194, 30, 'Hawar pelepah', 360),
(195, 30, 'Ulat tanah', 90),
(196, 30, 'Uret', 300),
(197, 30, 'Belalang', 60),
(198, 30, 'Hawar pelepah', 360),
(199, 30, 'Ulat tanah', 90),
(200, 30, 'Uret', 300),
(201, 30, 'Belalang', 60),
(202, 30, 'Hawar pelepah', 360),
(203, 30, 'Ulat tanah', 90),
(204, 30, 'Uret', 350),
(205, 30, 'Belalang', 60),
(206, 30, 'Hawar pelepah', 360),
(207, 30, 'Ulat tanah', 90),
(208, 30, 'Uret', 350),
(209, 30, 'Belalang', 60),
(210, 30, 'Hawar pelepah', 360),
(211, 30, 'Ulat tanah', 90),
(212, 30, 'Uret', 350),
(213, 30, 'Belalang', 60),
(214, 30, 'Hawar pelepah', 360),
(215, 30, 'Ulat tanah', 90),
(216, 30, 'Uret', 350),
(217, 30, 'Belalang', 60),
(218, 30, 'Hawar pelepah', 360),
(219, 30, 'Ulat tanah', 90),
(220, 30, 'Uret', 400),
(221, 30, 'Belalang', 90),
(222, 30, 'Hawar pelepah', 360),
(223, 30, 'Ulat tanah', 140),
(224, 30, 'Uret', 400),
(225, 30, 'Belalang', 90),
(226, 30, 'Hawar pelepah', 420),
(227, 30, 'Ulat tanah', 140),
(228, 30, 'Uret', 400),
(229, 30, 'Belalang', 90),
(230, 30, 'Hawar pelepah', 420),
(231, 30, 'Ulat tanah', 140),
(232, 30, 'Uret', 450),
(233, 30, 'Belalang', 120),
(234, 30, 'Hawar pelepah', 420),
(235, 30, 'Ulat tanah', 190),
(236, 30, 'Uret', 450),
(237, 30, 'Belalang', 120),
(238, 30, 'Hawar pelepah', 420),
(239, 30, 'Ulat tanah', 240),
(240, 30, 'Uret', 450),
(241, 31, 'Belalang', 30),
(242, 31, 'Ulat tanah', 50),
(243, 31, 'Belalang', 60),
(244, 31, 'Ulat tanah', 70),
(245, 32, 'Belalang', 30),
(246, 32, 'Ulat tanah', 20),
(247, 32, 'Belalang', 60),
(248, 32, 'Ulat tanah', 70),
(249, 32, 'Belalang', 60),
(250, 32, 'Ulat tanah', 70),
(251, 32, 'Uret', 50),
(252, 33, 'Belalang', 30),
(253, 33, 'Ulat tanah', 50),
(254, 33, 'Belalang', 30),
(255, 33, 'Ulat tanah', 100),
(256, 33, 'Belalang', 60),
(257, 33, 'Ulat tanah', 150),
(258, 33, 'Belalang', 60),
(259, 33, 'Ulat tanah', 150),
(260, 33, 'Belalang', 60),
(261, 33, 'Ulat tanah', 150),
(262, 33, 'Belalang', 60),
(263, 33, 'Ulat tanah', 150),
(264, 33, 'Belalang', 60),
(265, 33, 'Ulat tanah', 150),
(266, 33, 'Belalang', 60),
(267, 33, 'Ulat tanah', 150),
(268, 33, 'Belalang', 60),
(269, 33, 'Ulat tanah', 150),
(270, 33, 'Belalang', 60),
(271, 33, 'Ulat tanah', 150),
(272, 33, 'Belalang', 60),
(273, 33, 'Ulat tanah', 150),
(274, 33, 'Belalang', 60),
(275, 33, 'Ulat tanah', 150),
(276, 33, 'Belalang', 60),
(277, 33, 'Ulat tanah', 150),
(278, 33, 'Belalang', 60),
(279, 33, 'Ulat tanah', 150),
(280, 33, 'Belalang', 60),
(281, 33, 'Ulat tanah', 150),
(282, 33, 'Belalang', 60),
(283, 33, 'Ulat tanah', 150),
(284, 33, 'Belalang', 60),
(285, 33, 'Ulat tanah', 150),
(286, 33, 'Belalang', 60),
(287, 33, 'Ulat tanah', 150),
(288, 33, 'Belalang', 60),
(289, 33, 'Ulat tanah', 150),
(290, 33, 'Belalang', 60),
(291, 33, 'Ulat tanah', 150),
(292, 33, 'Belalang', 60),
(293, 33, 'Ulat tanah', 150),
(294, 33, 'Belalang', 60),
(295, 33, 'Ulat tanah', 150),
(296, 33, 'Belalang', 60),
(297, 33, 'Ulat tanah', 150),
(298, 33, 'Belalang', 60),
(299, 33, 'Ulat tanah', 150),
(300, 33, 'Belalang', 60),
(301, 33, 'Ulat tanah', 150),
(302, 33, 'Belalang', 60),
(303, 33, 'Ulat tanah', 150),
(304, 33, 'Belalang', 60),
(305, 33, 'Ulat tanah', 150),
(306, 33, 'Belalang', 60),
(307, 33, 'Ulat tanah', 150),
(308, 33, 'Belalang', 60),
(309, 33, 'Ulat tanah', 150),
(310, 33, 'Belalang', 60),
(311, 33, 'Ulat tanah', 150),
(312, 33, 'Belalang', 60),
(313, 33, 'Ulat tanah', 150),
(314, 33, 'Belalang', 60),
(315, 33, 'Ulat tanah', 150),
(316, 33, 'Belalang', 60),
(317, 33, 'Ulat tanah', 150),
(318, 33, 'Belalang', 60),
(319, 33, 'Ulat tanah', 150),
(320, 33, 'Belalang', 90),
(321, 33, 'Ulat tanah', 170),
(322, 33, 'Belalang', 90),
(323, 33, 'Ulat tanah', 220),
(324, 33, 'Belalang', 90),
(325, 33, 'Ulat tanah', 270),
(326, 33, 'Belalang', 120),
(327, 33, 'Ulat tanah', 290),
(328, 33, 'Belalang', 120),
(329, 33, 'Ulat tanah', 290),
(330, 33, 'Belalang', 330),
(331, 33, 'Ulat tanah', 690),
(332, 33, 'Belalang', 570),
(333, 33, 'Ulat tanah', 1110),
(334, 33, 'Belalang', 840),
(335, 33, 'Ulat tanah', 1550),
(336, 33, 'Belalang', 1140),
(337, 33, 'Ulat tanah', 2010),
(338, 33, 'Belalang', 1440),
(339, 33, 'Hawar pelepah', 60),
(340, 33, 'Ulat tanah', 2470),
(341, 33, 'Belalang', 1740),
(342, 33, 'Hawar pelepah', 120),
(343, 33, 'Ulat tanah', 2930),
(344, 33, 'Uret', 50),
(345, 34, 'Belalang', 30),
(346, 34, 'Ulat tanah', 50),
(347, 34, 'Belalang', 60),
(348, 34, 'Hawar pelepah', 60),
(349, 34, 'Ulat tanah', 100),
(350, 34, 'Uret', 50),
(351, 35, 'Belalang', 30),
(352, 35, 'Ulat tanah', 50),
(353, 36, 'Belalang', 30),
(354, 36, 'Ulat tanah', 50),
(355, 36, 'Belalang', 90),
(356, 36, 'Ulat tanah', 120),
(357, 37, 'Belalang', 30),
(358, 37, 'Ulat tanah', 50),
(359, 37, '', 0),
(360, 37, 'Belalang', 30),
(361, 37, 'Ulat tanah', 50),
(362, 37, '', 0),
(363, 37, 'Belalang', 30),
(364, 37, 'Ulat tanah', 70),
(365, 37, '', 0),
(366, 37, 'Belalang', 30),
(367, 37, 'Ulat tanah', 90),
(368, 37, '', 0),
(369, 37, 'Belalang', 60),
(370, 37, 'Ulat tanah', 140),
(371, 37, 'Uret', 50),
(372, 37, '', 0),
(373, 37, 'Belalang', 90),
(374, 37, 'Ulat tanah', 190),
(375, 37, 'Uret', 100);

-- --------------------------------------------------------

--
-- Table structure for table `hasil_diag`
--

CREATE TABLE `hasil_diag` (
  `id_hasil_diag` int(11) NOT NULL,
  `id_akun` int(11) NOT NULL,
  `id_penyakit` int(11) NOT NULL,
  `bobot_penyakit` int(11) NOT NULL,
  `waktu` datetime NOT NULL,
  `status` int(11) NOT NULL
) ENGINE=InnoDB DEFAULT CHARSET=latin1;

--
-- Dumping data for table `hasil_diag`
--

INSERT INTO `hasil_diag` (`id_hasil_diag`, `id_akun`, `id_penyakit`, `bobot_penyakit`, `waktu`, `status`) VALUES
(1, 38, 1, 50, '2019-10-14 14:45:10', 0),
(2, 38, 2, 70, '2019-10-14 14:45:10', 0),
(3, 38, 1, 50, '2019-10-14 14:50:01', 0),
(4, 38, 2, 70, '2019-10-14 14:50:01', 0),
(5, 38, 1, 50, '2019-10-14 14:56:29', 0),
(6, 38, 2, 70, '2019-10-14 14:56:29', 0),
(7, 38, 1, 50, '2019-10-14 15:03:16', 0),
(8, 38, 2, 70, '2019-10-14 15:03:16', 0),
(9, 38, 1, 50, '2019-10-14 15:14:39', 0),
(10, 38, 2, 70, '2019-10-14 15:14:39', 0),
(11, 38, 1, 50, '2019-10-14 15:15:57', 0),
(12, 38, 2, 70, '2019-10-14 15:15:57', 0),
(13, 38, 3, 50, '2019-10-14 15:15:57', 0),
(14, 38, 1, 50, '2019-10-14 15:16:24', 0),
(15, 38, 2, 70, '2019-10-14 15:16:24', 0),
(16, 38, 3, 50, '2019-10-14 15:16:24', 0),
(17, 38, 1, 50, '2019-10-14 15:16:41', 0),
(18, 38, 2, 70, '2019-10-14 15:16:41', 0),
(19, 38, 3, 50, '2019-10-14 15:16:41', 0),
(20, 39, 3, 50, '2019-10-14 15:17:17', 0),
(21, 39, 1, 20, '2019-10-14 15:18:02', 0),
(22, 39, 2, 70, '2019-10-14 15:18:02', 0),
(23, 39, 3, 50, '2019-10-14 15:18:02', 0),
(24, 39, 1, 70, '2019-10-14 15:18:20', 0),
(25, 39, 2, 110, '2019-10-14 15:18:20', 0),
(26, 39, 3, 50, '2019-10-14 15:18:20', 0),
(27, 39, 1, 70, '2019-10-14 15:19:09', 0),
(28, 39, 2, 110, '2019-10-14 15:19:09', 0),
(29, 39, 3, 50, '2019-10-14 15:19:09', 0),
(30, 39, 1, 70, '2019-10-14 15:19:10', 0),
(31, 39, 2, 110, '2019-10-14 15:19:10', 0),
(32, 39, 3, 50, '2019-10-14 15:19:10', 0),
(33, 39, 1, 70, '2019-10-14 15:20:04', 0),
(34, 39, 2, 110, '2019-10-14 15:20:04', 0),
(35, 39, 3, 50, '2019-10-14 15:20:04', 0),
(36, 39, 4, 60, '2019-10-14 15:20:04', 0),
(37, 39, 1, 70, '2019-10-14 15:22:07', 0),
(38, 39, 2, 110, '2019-10-14 15:22:07', 0),
(39, 39, 3, 50, '2019-10-14 15:22:07', 0),
(40, 39, 4, 120, '2019-10-14 15:22:07', 0),
(41, 39, 1, 70, '2019-10-14 15:22:42', 0),
(42, 39, 2, 110, '2019-10-14 15:22:42', 0),
(43, 39, 3, 100, '2019-10-14 15:22:42', 0),
(44, 39, 4, 120, '2019-10-14 15:22:42', 0),
(45, 39, 1, 70, '2019-10-14 15:33:12', 0),
(46, 39, 2, 110, '2019-10-14 15:33:12', 0),
(47, 39, 3, 150, '2019-10-14 15:33:12', 0),
(48, 39, 4, 120, '2019-10-14 15:33:12', 0),
(49, 39, 1, 70, '2019-10-14 17:01:22', 0),
(50, 39, 2, 110, '2019-10-14 17:01:22', 0),
(51, 39, 3, 200, '2019-10-14 17:01:22', 0),
(52, 39, 4, 120, '2019-10-14 17:01:22', 0),
(53, 39, 1, 70, '2019-10-14 17:04:43', 0),
(54, 39, 2, 110, '2019-10-14 17:04:43', 0),
(55, 39, 3, 200, '2019-10-14 17:04:43', 0),
(56, 39, 4, 180, '2019-10-14 17:04:43', 0),
(57, 39, 1, 90, '2019-10-14 17:08:16', 0),
(58, 39, 2, 180, '2019-10-14 17:08:16', 0),
(59, 39, 3, 200, '2019-10-14 17:08:16', 0),
(60, 39, 4, 180, '2019-10-14 17:08:16', 0),
(61, 39, 4, 120, '2019-10-14 17:09:48', 0),
(62, 39, 1, 110, '2019-10-14 17:10:01', 0),
(63, 39, 2, 250, '2019-10-14 17:10:01', 0),
(64, 39, 3, 200, '2019-10-14 17:10:01', 0),
(65, 39, 4, 240, '2019-10-14 17:10:01', 0),
(66, 39, 4, 260, '2019-10-14 17:11:14', 0),
(67, 40, 1, 50, '2019-10-16 06:40:12', 0),
(68, 40, 2, 70, '2019-10-16 06:40:12', 0),
(69, 40, 1, 50, '2019-10-16 06:42:55', 0),
(70, 40, 2, 70, '2019-10-16 06:42:55', 0),
(71, 40, 3, 50, '2019-10-16 06:42:55', 0),
(72, 41, 1, 50, '2019-10-16 07:20:18', 0),
(73, 41, 2, 70, '2019-10-16 07:20:18', 0),
(74, 41, 1, 50, '2019-10-16 07:20:43', 0),
(75, 41, 2, 70, '2019-10-16 07:20:43', 0),
(76, 41, 3, 50, '2019-10-16 07:20:43', 0),
(77, 41, 2, 70, '2019-10-16 07:24:21', 0),
(78, 41, 3, 50, '2019-10-16 07:24:21', 0),
(79, 41, 4, 60, '2019-10-16 07:24:21', 0),
(80, 41, 1, 100, '2019-10-16 07:25:53', 0),
(81, 41, 2, 140, '2019-10-16 07:25:53', 0),
(82, 41, 3, 100, '2019-10-16 07:25:53', 0),
(83, 41, 4, 120, '2019-10-16 07:25:53', 0),
(84, 42, 1, 50, '2019-10-16 07:26:24', 2),
(85, 42, 2, 70, '2019-10-16 07:26:24', 2),
(86, 42, 1, 100, '2019-10-16 07:26:35', 2),
(87, 42, 2, 140, '2019-10-16 07:26:35', 2),
(88, 42, 1, 50, '2019-10-16 07:26:58', 2),
(89, 42, 2, 70, '2019-10-16 07:26:58', 2),
(90, 42, 3, 50, '2019-10-16 07:26:58', 2),
(91, 42, 1, 100, '2019-10-16 07:37:28', 2),
(92, 42, 2, 140, '2019-10-16 07:37:28', 2),
(93, 42, 3, 100, '2019-10-16 07:37:28', 2),
(94, 42, 1, 50, '2019-10-16 07:37:35', 2),
(95, 42, 2, 70, '2019-10-16 07:37:35', 2),
(96, 42, 3, 50, '2019-10-16 07:37:35', 2),
(97, 42, 4, 60, '2019-10-16 07:37:35', 2),
(98, 42, 1, 100, '2019-10-16 07:42:12', 2),
(99, 42, 2, 140, '2019-10-16 07:42:12', 2),
(100, 42, 3, 100, '2019-10-16 07:42:12', 2),
(101, 42, 4, 120, '2019-10-16 07:42:12', 2),
(102, 42, 1, 50, '2019-10-16 07:42:20', 2),
(103, 42, 2, 70, '2019-10-16 07:42:20', 2),
(104, 42, 3, 50, '2019-10-16 07:42:20', 2),
(105, 42, 4, 120, '2019-10-16 07:42:20', 2),
(106, 42, 1, 100, '2019-10-16 07:42:27', 2),
(107, 42, 2, 140, '2019-10-16 07:42:27', 2),
(108, 42, 3, 100, '2019-10-16 07:42:27', 2),
(109, 42, 4, 240, '2019-10-16 07:42:27', 2),
(110, 42, 1, 50, '2019-10-16 07:42:33', 2),
(111, 42, 2, 70, '2019-10-16 07:42:33', 2),
(112, 42, 3, 100, '2019-10-16 07:42:33', 2),
(113, 42, 4, 120, '2019-10-16 07:42:33', 2),
(114, 42, 1, 100, '2019-10-16 07:43:10', 2),
(115, 42, 2, 140, '2019-10-16 07:43:10', 2),
(116, 42, 3, 200, '2019-10-16 07:43:10', 2),
(117, 42, 4, 240, '2019-10-16 07:43:10', 2),
(118, 42, 1, 150, '2019-10-16 07:43:11', 2),
(119, 42, 2, 210, '2019-10-16 07:43:11', 2),
(120, 42, 3, 300, '2019-10-16 07:43:11', 2),
(121, 42, 4, 360, '2019-10-16 07:43:11', 2),
(122, 42, 1, 50, '2019-10-16 07:43:53', 2),
(123, 42, 2, 70, '2019-10-16 07:43:53', 2),
(124, 42, 3, 150, '2019-10-16 07:43:53', 2),
(125, 42, 4, 120, '2019-10-16 07:43:53', 2),
(126, 42, 1, 100, '2019-10-16 07:48:54', 2),
(127, 42, 2, 140, '2019-10-16 07:48:54', 2),
(128, 42, 3, 300, '2019-10-16 07:48:54', 2),
(129, 42, 4, 240, '2019-10-16 07:48:54', 2),
(130, 42, 1, 100, '2019-10-16 07:49:04', 2),
(131, 42, 2, 140, '2019-10-16 07:49:04', 2),
(132, 42, 3, 150, '2019-10-16 07:49:04', 2),
(133, 42, 4, 120, '2019-10-16 07:49:04', 2),
(134, 42, 1, 200, '2019-10-16 08:02:53', 2),
(135, 42, 2, 280, '2019-10-16 08:02:53', 2),
(136, 42, 3, 300, '2019-10-16 08:02:53', 2),
(137, 42, 4, 240, '2019-10-16 08:02:53', 2),
(138, 42, 1, 150, '2019-10-16 08:03:01', 2),
(139, 42, 2, 210, '2019-10-16 08:03:01', 2),
(140, 42, 3, 150, '2019-10-16 08:03:01', 2),
(141, 42, 4, 120, '2019-10-16 08:03:01', 2),
(142, 42, 1, 300, '2019-10-16 08:03:18', 2),
(143, 42, 2, 420, '2019-10-16 08:03:18', 2),
(144, 42, 3, 300, '2019-10-16 08:03:18', 2),
(145, 42, 4, 240, '2019-10-16 08:03:18', 2),
(146, 42, 1, 150, '2019-10-16 08:03:35', 2),
(147, 42, 2, 210, '2019-10-16 08:03:35', 2),
(148, 42, 3, 150, '2019-10-16 08:03:35', 2),
(149, 42, 4, 180, '2019-10-16 08:03:35', 2),
(150, 42, 1, 150, '0000-00-00 00:00:00', 2),
(151, 42, 2, 210, '0000-00-00 00:00:00', 2),
(152, 42, 3, 150, '0000-00-00 00:00:00', 2),
(153, 42, 4, 180, '0000-00-00 00:00:00', 2),
(154, 42, 3, 50, '2019-10-16 08:18:33', 2),
(155, 42, 3, 100, '2019-10-16 08:18:34', 2),
(156, 42, 1, 50, '2019-10-16 08:18:39', 2),
(157, 42, 2, 70, '2019-10-16 08:18:39', 2),
(158, 42, 1, 100, '2019-10-16 08:18:42', 2),
(159, 42, 2, 140, '2019-10-16 08:18:42', 2),
(160, 42, 4, 60, '2019-10-16 08:18:58', 2),
(161, 42, 4, 120, '2019-10-16 08:19:00', 2),
(162, 42, 3, 50, '2019-10-16 08:19:04', 2),
(163, 42, 3, 100, '2019-10-16 08:19:06', 2),
(164, 42, 1, 50, '2019-10-16 08:19:13', 2),
(165, 42, 2, 40, '2019-10-16 08:19:13', 2),
(166, 42, 1, 100, '2019-10-16 08:19:22', 2),
(167, 42, 2, 80, '2019-10-16 08:19:22', 2),
(168, 42, 1, 20, '2019-10-16 08:19:27', 2),
(169, 42, 2, 70, '2019-10-16 08:19:27', 2),
(170, 42, 1, 40, '2019-10-16 08:19:31', 2),
(171, 42, 2, 140, '2019-10-16 08:19:31', 2),
(172, 42, 1, 50, '2019-10-16 08:19:36', 2),
(173, 42, 2, 70, '2019-10-16 08:19:36', 2),
(174, 42, 1, 100, '2019-10-16 08:19:38', 2),
(175, 42, 2, 140, '2019-10-16 08:19:38', 2),
(176, 42, 3, 50, '2019-10-16 08:19:45', 2),
(177, 42, 4, 60, '2019-10-16 08:19:45', 2),
(178, 42, 3, 100, '2019-10-16 08:19:47', 2),
(179, 42, 4, 120, '2019-10-16 08:19:47', 2),
(180, 6, 1, 220, '2019-10-17 16:40:59', 2),
(181, 6, 2, 200, '2019-10-17 16:40:59', 2),
(182, 6, 1, 270, '2019-10-17 16:41:02', 2),
(183, 6, 2, 240, '2019-10-17 16:41:02', 2),
(184, 6, 1, 20, '2019-10-17 16:42:15', 2),
(185, 6, 2, 40, '2019-10-17 16:42:15', 2),
(186, 6, 1, 40, '2019-10-17 16:43:13', 2),
(187, 6, 2, 110, '2019-10-17 16:43:13', 2),
(188, 6, 1, 60, '2019-10-17 16:55:09', 2),
(189, 6, 2, 180, '2019-10-17 16:55:09', 2),
(190, 6, 1, 80, '2019-10-17 16:55:30', 2),
(191, 6, 2, 250, '2019-10-17 16:55:30', 2),
(192, 6, 1, 100, '2019-10-17 16:56:06', 2),
(193, 6, 2, 320, '2019-10-17 16:56:06', 2),
(194, 6, 1, 120, '2019-10-17 16:56:17', 2),
(195, 6, 2, 390, '2019-10-17 16:56:17', 2),
(196, 6, 1, 160, '2019-10-17 17:05:17', 2),
(197, 6, 2, 530, '2019-10-17 17:05:17', 2),
(198, 6, 1, 200, '2019-10-17 17:06:23', 2),
(199, 6, 2, 670, '2019-10-17 17:06:23', 2),
(200, 6, 1, 240, '2019-10-17 17:06:49', 2),
(201, 6, 2, 810, '2019-10-17 17:06:49', 2),
(202, 6, 1, 280, '2019-10-17 17:07:28', 2),
(203, 6, 2, 950, '2019-10-17 17:07:28', 2),
(204, 6, 1, 320, '2019-10-17 17:07:36', 2),
(205, 6, 2, 1090, '2019-10-17 17:07:36', 2),
(206, 6, 1, 360, '2019-10-17 17:07:56', 2),
(207, 6, 2, 1230, '2019-10-17 17:07:56', 2),
(208, 6, 3, 50, '2019-10-17 17:07:56', 2),
(209, 6, 1, 450, '2019-10-17 17:10:38', 2),
(210, 6, 2, 1410, '2019-10-17 17:10:38', 2),
(211, 6, 3, 100, '2019-10-17 17:10:38', 2),
(212, 6, 1, 560, '2019-10-17 17:38:16', 2),
(213, 6, 2, 1630, '2019-10-17 17:38:16', 2),
(214, 6, 3, 150, '2019-10-17 17:38:16', 2),
(215, 6, 1, 690, '2019-10-17 17:42:11', 2),
(216, 6, 2, 1890, '2019-10-17 17:42:11', 2),
(217, 6, 3, 200, '2019-10-17 17:42:11', 2),
(218, 6, 1, 20, '2019-10-17 17:42:58', 2),
(219, 6, 2, 70, '2019-10-17 17:42:58', 2),
(220, 6, 1, 50, '2019-10-17 17:43:15', 2),
(221, 6, 2, 40, '2019-10-17 17:43:15', 2),
(222, 6, 3, 50, '2019-10-17 17:43:29', 2),
(223, 6, 1, 20, '2019-10-17 17:49:03', 2),
(224, 6, 2, 40, '2019-10-17 17:49:03', 2),
(225, 6, 3, 150, '2019-10-17 17:49:03', 2),
(226, 6, 4, 40, '2019-10-17 17:49:03', 2),
(227, 6, 1, 40, '2019-10-18 02:03:25', 2),
(228, 6, 2, 80, '2019-10-18 02:03:25', 2),
(229, 6, 3, 300, '2019-10-18 02:03:25', 2),
(230, 6, 4, 80, '2019-10-18 02:03:25', 2),
(231, 6, 3, 50, '2019-10-18 03:34:41', 2),
(232, 6, 3, 100, '2019-10-18 03:59:15', 2),
(233, 6, 3, 150, '2019-10-18 04:04:29', 2),
(234, 6, 3, 200, '2019-10-18 04:05:20', 2),
(235, 6, 3, 250, '2019-10-18 04:05:53', 2),
(236, 6, 3, 300, '2019-10-18 04:08:42', 2),
(237, 6, 3, 350, '2019-10-18 04:10:16', 2),
(238, 6, 3, 400, '2019-10-18 04:12:20', 2),
(239, 6, 3, 500, '2019-10-18 04:12:50', 2),
(240, 6, 3, 600, '2019-10-18 04:13:02', 2),
(241, 6, 3, 700, '2019-10-18 04:13:53', 2),
(242, 6, 3, 800, '2019-10-18 04:14:45', 2),
(243, 6, 3, 900, '2019-10-18 04:15:44', 2),
(244, 6, 3, 1000, '2019-10-18 04:16:31', 2),
(245, 6, 3, 1100, '2019-10-18 04:16:37', 2),
(246, 6, 3, 1200, '2019-10-18 04:17:38', 2),
(247, 6, 1, 50, '2019-10-18 05:43:51', 2),
(248, 6, 2, 40, '2019-10-18 05:43:51', 2),
(249, 6, 3, 1300, '2019-10-18 05:43:51', 2),
(250, 6, 1, 120, '2019-10-18 05:47:09', 2),
(251, 6, 2, 150, '2019-10-18 05:47:09', 2),
(252, 6, 3, 1400, '2019-10-18 05:47:09', 2),
(253, 6, 1, 50, '2019-10-18 05:47:27', 2),
(254, 6, 2, 40, '2019-10-18 05:47:27', 2),
(255, 6, 1, 50, '2019-10-18 05:50:27', 2),
(256, 6, 2, 40, '2019-10-18 05:50:27', 2),
(257, 6, 3, 50, '2019-10-18 06:15:36', 2),
(258, 6, 3, 50, '2019-10-18 06:16:06', 2),
(259, 6, 3, 50, '2019-10-18 06:16:53', 2),
(260, 6, 3, 100, '2019-10-18 06:17:32', 2),
(261, 6, 3, 150, '2019-10-18 06:17:46', 2),
(262, 6, 3, 200, '2019-10-18 06:25:17', 2),
(263, 6, 3, 250, '2019-10-18 06:29:12', 2),
(264, 6, 3, 300, '2019-10-18 06:31:47', 2),
(265, 6, 3, 350, '2019-10-18 06:34:12', 2),
(266, 6, 1, 50, '2019-10-18 06:36:16', 2),
(267, 6, 2, 40, '2019-10-18 06:36:16', 2),
(268, 6, 1, 120, '2019-10-18 06:45:38', 2),
(269, 6, 2, 120, '2019-10-18 06:45:38', 2),
(270, 6, 3, 50, '2019-10-18 06:45:38', 2),
(271, 6, 1, 20, '2019-10-18 06:45:59', 2),
(272, 6, 2, 40, '2019-10-18 06:45:59', 2),
(273, 6, 4, 20, '2019-10-18 06:45:59', 2),
(274, 6, 1, 20, '2019-10-18 08:57:52', 2),
(275, 6, 2, 40, '2019-10-18 08:57:52', 2),
(276, 6, 1, 50, '2019-10-18 09:01:40', 2),
(277, 6, 2, 40, '2019-10-18 09:01:40', 2),
(278, 6, 1, 100, '2019-10-18 09:02:29', 2),
(279, 6, 2, 80, '2019-10-18 09:02:29', 2),
(280, 6, 1, 50, '2019-10-18 09:05:22', 2),
(281, 6, 2, 40, '2019-10-18 09:05:22', 2),
(282, 6, 1, 20, '2019-10-18 09:20:55', 2),
(283, 6, 2, 40, '2019-10-18 09:20:55', 2),
(284, 6, 1, 20, '2019-10-18 09:23:43', 2),
(285, 6, 2, 40, '2019-10-18 09:23:43', 2),
(286, 6, 1, 20, '2019-10-18 09:41:04', 2),
(287, 6, 2, 40, '2019-10-18 09:41:04', 2),
(288, 11, 1, 50, '2019-10-18 11:50:12', 2),
(289, 11, 2, 40, '2019-10-18 11:50:12', 2),
(290, 11, 1, 150, '2019-10-18 11:51:04', 2),
(291, 11, 2, 150, '2019-10-18 11:51:04', 2),
(292, 11, 3, 50, '2019-10-18 11:51:04', 2),
(293, 11, 4, 60, '2019-10-18 11:51:04', 2),
(294, 11, 1, 50, '2019-10-18 11:51:31', 2),
(295, 11, 2, 70, '2019-10-18 11:51:31', 2),
(296, 11, 3, 50, '2019-10-18 11:51:31', 2),
(297, 11, 4, 20, '2019-10-18 11:51:31', 2);

-- --------------------------------------------------------

--
-- Table structure for table `konsultasi`
--

CREATE TABLE `konsultasi` (
  `id_konsultasi` int(11) NOT NULL,
  `id_akun` int(11) NOT NULL,
  `id_gejala` int(11) NOT NULL,
  `status` int(11) NOT NULL
) ENGINE=InnoDB DEFAULT CHARSET=latin1;

--
-- Dumping data for table `konsultasi`
--

INSERT INTO `konsultasi` (`id_konsultasi`, `id_akun`, `id_gejala`, `status`) VALUES
(1, 6, 4, 2),
(2, 6, 4, 2),
(3, 6, 4, 2),
(4, 6, 1, 2),
(5, 6, 3, 2),
(6, 6, 1, 2),
(7, 6, 4, 2),
(8, 6, 1, 2),
(9, 6, 5, 2),
(10, 6, 1, 2),
(11, 6, 1, 2),
(12, 6, 3, 2),
(13, 6, 1, 2),
(14, 6, 3, 2),
(15, 6, 1, 2),
(16, 6, 1, 2),
(17, 6, 1, 2),
(18, 11, 1, 2),
(19, 11, 3, 2),
(20, 11, 1, 2),
(21, 11, 2, 2),
(22, 11, 3, 2),
(23, 11, 4, 2),
(24, 11, 5, 2),
(25, 11, 6, 2),
(26, 11, 1, 2),
(27, 11, 2, 2),
(28, 11, 3, 2),
(29, 11, 4, 2),
(30, 11, 5, 2);

-- --------------------------------------------------------

--
-- Table structure for table `migrations`
--

CREATE TABLE `migrations` (
  `id` int(10) UNSIGNED NOT NULL,
  `migration` varchar(255) COLLATE utf8mb4_unicode_ci NOT NULL,
  `batch` int(11) NOT NULL
) ENGINE=InnoDB DEFAULT CHARSET=utf8mb4 COLLATE=utf8mb4_unicode_ci;

-- --------------------------------------------------------

--
-- Table structure for table `penyakit`
--

CREATE TABLE `penyakit` (
  `id_penyakit` int(11) NOT NULL,
  `nama_penyakit` varchar(50) NOT NULL,
  `penjelasan` text NOT NULL,
  `penanganan` text NOT NULL
) ENGINE=InnoDB DEFAULT CHARSET=latin1;

--
-- Dumping data for table `penyakit`
--

INSERT INTO `penyakit` (`id_penyakit`, `nama_penyakit`, `penjelasan`, `penanganan`) VALUES
(1, 'Ulat tanah', 'penjelasan Ulat tanah', 'Ulat tanah'),
(2, 'Belalang', 'Belalang', 'Belalang'),
(3, 'Uret', 'Uret', 'Penanganan uret'),
(4, 'Hawar pelepah', 'Hawar pelepah', 'Hawar pelepah');

-- --------------------------------------------------------

--
-- Table structure for table `pertanyaan`
--

CREATE TABLE `pertanyaan` (
  `id` int(11) NOT NULL,
  `pertanyaan` varchar(255) NOT NULL,
  `bobot` int(11) NOT NULL
) ENGINE=InnoDB DEFAULT CHARSET=latin1;

--
-- Dumping data for table `pertanyaan`
--

INSERT INTO `pertanyaan` (`id`, `pertanyaan`, `bobot`) VALUES
(1, 'pertanyaan 1', 0),
(2, 'pertanyaan 2', 0),
(3, 'pertanyaan 3', 0),
(4, ' pertanyaan 4', 0),
(5, 'hsjhjdd', 31),
(6, 'hsjhjdd', 29),
(7, 'hsjhjdd', 30),
(8, 'hsjhjdd', 31),
(9, 'hsjhjdd', 28),
(10, 'hsjhjdd', 29),
(11, 'hsjhjdd', 29),
(12, 'hsjhjdd', 30),
(13, 'hsjhjdd', 2);

-- --------------------------------------------------------

--
-- Table structure for table `riwayat`
--

CREATE TABLE `riwayat` (
  `id_riwayat` int(11) NOT NULL,
  `id_akun` int(11) NOT NULL,
  `nama_penyakit` varchar(50) NOT NULL,
  `bobot_penyakit` int(11) NOT NULL,
  `waktu` datetime NOT NULL
) ENGINE=InnoDB DEFAULT CHARSET=latin1;

--
-- Dumping data for table `riwayat`
--

INSERT INTO `riwayat` (`id_riwayat`, `id_akun`, `nama_penyakit`, `bobot_penyakit`, `waktu`) VALUES
(1, 38, 'Belalang', 70, '2019-10-14 15:03:16'),
(2, 38, 'Belalang', 70, '2019-10-14 15:14:39'),
(3, 38, 'Belalang', 50, '2019-10-14 15:15:57'),
(4, 38, 'Belalang', 50, '2019-10-14 15:16:24'),
(5, 38, 'Belalang', 50, '2019-10-14 15:16:41'),
(6, 39, 'Uret', 50, '2019-10-14 15:17:17'),
(7, 39, 'Belalang', 50, '2019-10-14 15:18:02'),
(8, 39, 'Belalang', 50, '2019-10-14 15:18:20'),
(9, 39, 'Belalang', 50, '2019-10-14 15:19:09'),
(10, 39, 'Belalang', 50, '2019-10-14 15:19:10'),
(11, 39, 'Belalang', 60, '2019-10-14 15:20:04'),
(12, 39, 'Hawar pelepah', 120, '2019-10-14 15:22:07'),
(13, 39, 'Hawar pelepah', 120, '2019-10-14 15:22:42'),
(14, 39, 'Uret', 120, '2019-10-14 15:33:12'),
(15, 39, 'Uret', 120, '2019-10-14 17:01:22'),
(16, 39, 'Uret', 180, '2019-10-14 17:04:43'),
(17, 39, 'Uret', 180, '2019-10-14 17:08:16'),
(18, 39, 'Hawar pelepah', 120, '2019-10-14 17:09:48'),
(19, 39, 'Belalang', 240, '2019-10-14 17:10:01'),
(20, 39, 'Hawar pelepah', 260, '2019-10-14 17:11:14'),
(21, 40, 'Belalang', 70, '2019-10-16 06:40:12'),
(22, 40, 'Belalang', 50, '2019-10-16 06:42:55'),
(23, 41, 'Belalang', 70, '2019-10-16 07:20:18'),
(24, 41, 'Belalang', 50, '2019-10-16 07:20:43'),
(25, 41, 'Belalang', 60, '2019-10-16 07:24:21'),
(26, 41, 'Belalang', 120, '2019-10-16 07:25:53'),
(27, 42, 'Belalang', 70, '2019-10-16 07:26:24'),
(28, 42, 'Belalang', 140, '2019-10-16 07:26:35'),
(29, 42, 'Belalang', 50, '2019-10-16 07:26:58'),
(30, 42, 'Belalang', 100, '2019-10-16 07:37:28'),
(31, 42, 'Belalang', 60, '2019-10-16 07:37:35'),
(32, 42, 'Belalang', 120, '2019-10-16 07:42:12'),
(33, 42, 'Hawar pelepah', 120, '2019-10-16 07:42:20'),
(34, 42, 'Hawar pelepah', 240, '2019-10-16 07:42:27'),
(35, 42, 'Hawar pelepah', 120, '2019-10-16 07:42:33'),
(36, 42, 'Hawar pelepah', 240, '2019-10-16 07:43:10'),
(37, 42, 'Hawar pelepah', 360, '2019-10-16 07:43:11'),
(38, 42, 'Uret', 120, '2019-10-16 07:43:53'),
(39, 42, 'Uret', 240, '2019-10-16 07:48:54'),
(40, 42, 'Uret', 120, '2019-10-16 07:49:04'),
(41, 42, 'Uret', 240, '2019-10-16 08:02:53'),
(42, 42, 'Belalang', 120, '2019-10-16 08:03:01'),
(43, 42, 'Belalang', 240, '2019-10-16 08:03:18'),
(44, 42, 'Belalang', 180, '2019-10-16 08:03:35'),
(45, 42, 'Belalang', 180, '0000-00-00 00:00:00'),
(46, 42, 'Uret', 50, '2019-10-16 08:18:33'),
(47, 42, 'Uret', 100, '2019-10-16 08:18:34'),
(48, 42, 'Belalang', 70, '2019-10-16 08:18:39'),
(49, 42, 'Belalang', 140, '2019-10-16 08:18:42'),
(50, 42, 'Hawar pelepah', 60, '2019-10-16 08:18:58'),
(51, 42, 'Hawar pelepah', 120, '2019-10-16 08:19:00'),
(52, 42, 'Uret', 50, '2019-10-16 08:19:04'),
(53, 42, 'Uret', 100, '2019-10-16 08:19:06'),
(54, 42, 'Ulat tanah', 40, '2019-10-16 08:19:13'),
(55, 42, 'Ulat tanah', 80, '2019-10-16 08:19:22'),
(56, 42, 'Belalang', 70, '2019-10-16 08:19:27'),
(57, 42, 'Belalang', 140, '2019-10-16 08:19:31'),
(58, 42, 'Belalang', 70, '2019-10-16 08:19:36'),
(59, 42, 'Belalang', 140, '2019-10-16 08:19:38'),
(60, 42, 'Hawar pelepah', 60, '2019-10-16 08:19:45'),
(61, 42, 'Hawar pelepah', 120, '2019-10-16 08:19:47'),
(62, 6, 'Belalang', 1090, '2019-10-17 17:07:36'),
(63, 6, 'Belalang', 50, '2019-10-17 17:07:56'),
(64, 6, 'Belalang', 100, '2019-10-17 17:10:38'),
(65, 6, 'Belalang', 150, '2019-10-17 17:38:16'),
(66, 6, 'Belalang', 200, '2019-10-17 17:42:11'),
(67, 6, 'Belalang', 70, '2019-10-17 17:42:58'),
(68, 6, 'Ulat tanah', 40, '2019-10-17 17:43:15'),
(69, 6, 'Uret', 50, '2019-10-17 17:43:29'),
(70, 6, 'Uret', 40, '2019-10-17 17:49:03'),
(71, 6, 'Uret', 80, '2019-10-18 02:03:25'),
(72, 6, 'Uret', 50, '2019-10-18 03:34:41'),
(73, 6, 'Uret', 100, '2019-10-18 03:59:15'),
(74, 6, 'Uret', 150, '2019-10-18 04:04:29'),
(75, 6, 'Uret', 200, '2019-10-18 04:05:20'),
(76, 6, 'Uret', 250, '2019-10-18 04:05:53'),
(77, 6, 'Uret', 300, '2019-10-18 04:08:42'),
(78, 6, 'Uret', 350, '2019-10-18 04:10:16'),
(79, 6, 'Uret', 400, '2019-10-18 04:12:20'),
(80, 6, 'Uret', 500, '2019-10-18 04:12:50'),
(81, 6, 'Uret', 600, '2019-10-18 04:13:02'),
(82, 6, 'Uret', 700, '2019-10-18 04:13:53'),
(83, 6, 'Uret', 800, '2019-10-18 04:14:45'),
(84, 6, 'Uret', 900, '2019-10-18 04:15:44'),
(85, 6, 'Uret', 1000, '2019-10-18 04:16:31'),
(86, 6, 'Uret', 1100, '2019-10-18 04:16:37'),
(87, 6, 'Uret', 1200, '2019-10-18 04:17:38'),
(88, 6, 'Uret', 1300, '2019-10-18 05:43:51'),
(89, 6, 'Uret', 1400, '2019-10-18 05:47:09'),
(90, 6, 'Ulat tanah', 40, '2019-10-18 05:47:27'),
(91, 6, 'Ulat tanah', 40, '2019-10-18 05:50:27'),
(92, 6, 'Ulat tanah', 50, '2019-10-18 06:15:36'),
(93, 6, 'Uret', 50, '2019-10-18 06:16:06'),
(94, 6, 'Uret', 50, '2019-10-18 06:16:53'),
(95, 6, 'Uret', 100, '2019-10-18 06:17:32'),
(96, 6, 'Uret', 150, '2019-10-18 06:17:46'),
(97, 6, 'Uret', 200, '2019-10-18 06:25:17'),
(98, 6, 'Uret', 250, '2019-10-18 06:29:12'),
(99, 6, 'Uret', 300, '2019-10-18 06:31:47'),
(100, 6, 'Uret', 350, '2019-10-18 06:34:12'),
(101, 6, 'Ulat tanah', 40, '2019-10-18 06:36:16'),
(102, 6, 'Ulat tanah', 50, '2019-10-18 06:45:38'),
(103, 6, 'Belalang', 20, '2019-10-18 06:45:59'),
(104, 6, 'Belalang', 40, '2019-10-18 08:57:52'),
(105, 6, 'Ulat tanah', 40, '2019-10-18 09:01:40'),
(106, 6, 'Ulat tanah', 80, '2019-10-18 09:02:29'),
(107, 6, 'Ulat tanah', 40, '2019-10-18 09:05:22'),
(108, 6, 'Belalang', 40, '2019-10-18 09:20:55'),
(109, 6, 'Belalang', 40, '2019-10-18 09:23:43'),
(110, 6, 'Belalang', 40, '2019-10-18 09:41:04'),
(111, 11, 'Ulat tanah', 40, '2019-10-18 11:50:12'),
(112, 11, 'Ulat tanah', 60, '2019-10-18 11:51:04'),
(113, 11, 'Belalang', 20, '2019-10-18 11:51:31');

-- --------------------------------------------------------

--
-- Table structure for table `users`
--

CREATE TABLE `users` (
  `id` bigint(20) UNSIGNED NOT NULL,
  `name` varchar(255) COLLATE utf8mb4_unicode_ci NOT NULL,
  `email` varchar(255) COLLATE utf8mb4_unicode_ci NOT NULL,
  `email_verified_at` timestamp NULL DEFAULT NULL,
  `password` varchar(255) COLLATE utf8mb4_unicode_ci NOT NULL,
  `remember_token` varchar(100) COLLATE utf8mb4_unicode_ci DEFAULT NULL,
  `created_at` timestamp NULL DEFAULT NULL,
  `updated_at` timestamp NULL DEFAULT NULL
) ENGINE=InnoDB DEFAULT CHARSET=utf8mb4 COLLATE=utf8mb4_unicode_ci;

--
-- Dumping data for table `users`
--

INSERT INTO `users` (`id`, `name`, `email`, `email_verified_at`, `password`, `remember_token`, `created_at`, `updated_at`) VALUES
(1, 'sds', 'yusuf@gmail.com', NULL, '$2y$10$sUNs3zOxOwWmD/Elk9TSxe4H/C097NQdKweuGxHsvpxG4.k1FU7n.', NULL, '2019-09-27 13:18:29', '2019-09-27 13:18:29'),
(6, 'Ali', 'ai@gmail.com', NULL, '$2y$10$AXt5xZX1WxCepQTfl4lI3eybRrnK4TM6PSYwWKYB6zZbI.gRixnVa', '8qUTT7Ltl4lC9QXq2pynCkLsbnkZI6qX9jF7PZBHxJ0N6Vyz3KoV2ORfow4I', '2019-09-27 22:12:08', '2019-09-27 22:12:08'),
(7, 'Ali', 'dhijau170@gmail.com', NULL, '$2y$10$0oNB3OZO6qdK4YVZhTaG1uYeG2f7KykKevyYBc2n6uReWWeVi4b7e', NULL, '2019-09-28 00:16:25', '2019-09-28 00:16:25'),
(8, 'coba', 'coba@gmail.com', NULL, '$2y$10$9IjODs5U5/D9ruFEBvcfh.XBa.uLwdHeCXHY6Rce0MY69TjLzi9pO', NULL, '2019-10-04 23:38:40', '2019-10-04 23:38:40'),
(9, 'sds', 'surikna@gmail.com', NULL, '$2y$10$vdB66pMizSCrl/jp8okcK.ERZCfkSqHCdO2HlwBMC7cutKgnzBZ/m', NULL, '2019-10-06 15:06:14', '2019-10-06 15:06:14'),
(10, 'rafi', 'firda@gmail.com', NULL, '$2y$10$r9iA69gi8y5/RdYiFFdXw.I4p5p2YM6IfHx.9tIwxZAf7VexhUJ3y', NULL, '2019-10-08 15:55:54', '2019-10-08 15:55:54'),
(11, 'roni', 'roni@gmail.com', NULL, '$2y$10$5zZE8c2v96eQeHwF5K04bO/Gc4Zr1ycGTo8iMRxJNlzGmml4lpBrW', NULL, '2019-10-18 18:41:51', '2019-10-18 18:41:51');

--
-- Indexes for dumped tables
--

--
-- Indexes for table `akun`
--
ALTER TABLE `akun`
  ADD PRIMARY KEY (`id_akun`);

--
-- Indexes for table `cek_bobot`
--
ALTER TABLE `cek_bobot`
  ADD PRIMARY KEY (`id_cek_bobot`);

--
-- Indexes for table `cek_penyakit`
--
ALTER TABLE `cek_penyakit`
  ADD PRIMARY KEY (`id_cek_penyakit`);

--
-- Indexes for table `detail_penyakit`
--
ALTER TABLE `detail_penyakit`
  ADD PRIMARY KEY (`id_detail_penyakit`),
  ADD KEY `id_penyakit` (`id_penyakit`),
  ADD KEY `id_gejala` (`id_gejala`);

--
-- Indexes for table `gejala`
--
ALTER TABLE `gejala`
  ADD PRIMARY KEY (`id_gejala`);

--
-- Indexes for table `hasil`
--
ALTER TABLE `hasil`
  ADD PRIMARY KEY (`id_hasil`);

--
-- Indexes for table `hasil_diag`
--
ALTER TABLE `hasil_diag`
  ADD PRIMARY KEY (`id_hasil_diag`);

--
-- Indexes for table `konsultasi`
--
ALTER TABLE `konsultasi`
  ADD PRIMARY KEY (`id_konsultasi`),
  ADD KEY `id_akun` (`id_akun`),
  ADD KEY `id_gejala` (`id_gejala`);

--
-- Indexes for table `migrations`
--
ALTER TABLE `migrations`
  ADD PRIMARY KEY (`id`);

--
-- Indexes for table `penyakit`
--
ALTER TABLE `penyakit`
  ADD PRIMARY KEY (`id_penyakit`);

--
-- Indexes for table `pertanyaan`
--
ALTER TABLE `pertanyaan`
  ADD PRIMARY KEY (`id`);

--
-- Indexes for table `riwayat`
--
ALTER TABLE `riwayat`
  ADD PRIMARY KEY (`id_riwayat`);

--
-- Indexes for table `users`
--
ALTER TABLE `users`
  ADD PRIMARY KEY (`id`);

--
-- AUTO_INCREMENT for dumped tables
--

--
-- AUTO_INCREMENT for table `akun`
--
ALTER TABLE `akun`
  MODIFY `id_akun` int(11) NOT NULL AUTO_INCREMENT, AUTO_INCREMENT=43;

--
-- AUTO_INCREMENT for table `cek_bobot`
--
ALTER TABLE `cek_bobot`
  MODIFY `id_cek_bobot` int(11) NOT NULL AUTO_INCREMENT, AUTO_INCREMENT=58;

--
-- AUTO_INCREMENT for table `cek_penyakit`
--
ALTER TABLE `cek_penyakit`
  MODIFY `id_cek_penyakit` int(11) NOT NULL AUTO_INCREMENT, AUTO_INCREMENT=361;

--
-- AUTO_INCREMENT for table `detail_penyakit`
--
ALTER TABLE `detail_penyakit`
  MODIFY `id_detail_penyakit` int(11) NOT NULL AUTO_INCREMENT, AUTO_INCREMENT=8;

--
-- AUTO_INCREMENT for table `gejala`
--
ALTER TABLE `gejala`
  MODIFY `id_gejala` int(11) NOT NULL AUTO_INCREMENT, AUTO_INCREMENT=34;

--
-- AUTO_INCREMENT for table `hasil`
--
ALTER TABLE `hasil`
  MODIFY `id_hasil` int(11) NOT NULL AUTO_INCREMENT, AUTO_INCREMENT=376;

--
-- AUTO_INCREMENT for table `hasil_diag`
--
ALTER TABLE `hasil_diag`
  MODIFY `id_hasil_diag` int(11) NOT NULL AUTO_INCREMENT, AUTO_INCREMENT=298;

--
-- AUTO_INCREMENT for table `konsultasi`
--
ALTER TABLE `konsultasi`
  MODIFY `id_konsultasi` int(11) NOT NULL AUTO_INCREMENT, AUTO_INCREMENT=31;

--
-- AUTO_INCREMENT for table `migrations`
--
ALTER TABLE `migrations`
  MODIFY `id` int(10) UNSIGNED NOT NULL AUTO_INCREMENT;

--
-- AUTO_INCREMENT for table `penyakit`
--
ALTER TABLE `penyakit`
  MODIFY `id_penyakit` int(11) NOT NULL AUTO_INCREMENT, AUTO_INCREMENT=5;

--
-- AUTO_INCREMENT for table `pertanyaan`
--
ALTER TABLE `pertanyaan`
  MODIFY `id` int(11) NOT NULL AUTO_INCREMENT, AUTO_INCREMENT=14;

--
-- AUTO_INCREMENT for table `riwayat`
--
ALTER TABLE `riwayat`
  MODIFY `id_riwayat` int(11) NOT NULL AUTO_INCREMENT, AUTO_INCREMENT=114;

--
-- AUTO_INCREMENT for table `users`
--
ALTER TABLE `users`
  MODIFY `id` bigint(20) UNSIGNED NOT NULL AUTO_INCREMENT, AUTO_INCREMENT=12;

--
-- Constraints for dumped tables
--

--
-- Constraints for table `detail_penyakit`
--
ALTER TABLE `detail_penyakit`
  ADD CONSTRAINT `detail_penyakit_ibfk_1` FOREIGN KEY (`id_penyakit`) REFERENCES `penyakit` (`id_penyakit`),
  ADD CONSTRAINT `detail_penyakit_ibfk_2` FOREIGN KEY (`id_gejala`) REFERENCES `gejala` (`id_gejala`);

--
-- Constraints for table `konsultasi`
--
ALTER TABLE `konsultasi`
  ADD CONSTRAINT `konsultasi_ibfk_1` FOREIGN KEY (`id_akun`) REFERENCES `akun` (`id_akun`),
  ADD CONSTRAINT `konsultasi_ibfk_2` FOREIGN KEY (`id_gejala`) REFERENCES `gejala` (`id_gejala`);
COMMIT;

/*!40101 SET CHARACTER_SET_CLIENT=@OLD_CHARACTER_SET_CLIENT */;
/*!40101 SET CHARACTER_SET_RESULTS=@OLD_CHARACTER_SET_RESULTS */;
/*!40101 SET COLLATION_CONNECTION=@OLD_COLLATION_CONNECTION */;
